﻿,0
0,퍼실이 비싼 편인데 3만원이상 6000원 할인 쿠폰이 있어 2세트21리터 4개 25400원에 샀어요개당 가격이 6350원 꼴이라서 저럼하죠퍼실은 가격이 비싸어 할인할 때만 사요 ㅎㅎ세제도 기한이 오래되면 세탁력이 떨어 진다는 뉴스 기사를 본 이후로는싸다고 사서 쟁여 두지는 않게 되더라고요앗 그러고보니 그 뉴스는 개봉한 제품이긴 했네요ㅎㅎ21리터이고요 드럼세탁기 세제칸은 작아서 저는 보품보다 리필이 더 편하더라고요리필이라 계량 뚜껑은 없습니자 로켓배송박스에 담겨져 찌그러진데 없고 세는데 없이 안전힌게 배송받았어요세척력은 국내에서 파는 세제 중에서 저는 제일 괜찮은 것 같아요예전에 퍼실 쓸 땐 잘 못 느꼈었는데 다른 제품 쓰다 다시 사서 써보니 괜찮은것 같아요 ㅎㅎㅎ향은 개인적으로는 별로 좋아하는 향은 아닌데어차피 섬유유연제도 헹굼시 넣고또 건조기 돌릴 때 건조기 시트를 넣기 때문에 향은 그닥 상관없는것 같아요
1,라벤더 쓰다가 딥으로 나와 구매 해 보았어요역시 향기도 좋고 세정력도 더 좋은 것 같아요여름에는 정전기 방지 제품을 따로 사용 안해도좋은제품인듯 합니다리필제품이지만 전혀 불편하지 않고요거품이 많아 소량으로 사용하고 있어요
2,무겁고 귀찮은 세제는 늘 문앞까지 배달해주는 인터넷에서 주문합니다 ㅎ 무엇보다 마트보다 훨씬싸요  퍼실이 자극적이지않은 향이라고 해야하나 은은하니 너무좋아요  재조일도 얼마안된거라 안심입니다
3,예전에 어머니가 트럭에서 파는세제 싸다고 사주셨다가 한달정도 썼는데 가짜인거 알아서 옷 다버리고 빡쳐서 이것만 쓴다장단점 말해준다장점퍼실 라벤더와 퍼실 센서티브 이 두가지빼고 다른 세제는 다 나가있어신생아 아기옷은 센서티브 아이들 어른옷은 라벤더 이 두가지면 가정용 세탁세제는 끝난다 일본이 불화수소 안팔아도 별로 기별이 안오지만 독일에서 퍼실 안판다그러면 답이없다단점아직 못찾음이상
4,양도 많고 리필형이라 용기만있으면 경제적이고 향도 좋아요!! 저번에 드럼용 아닌 일반용 사서 그냥쓰긴했는데이번엔 확실히 좋네요
5,퍼실 딥클린 새로나온 제품이라 구매해봤는데요기존에 사용했던거보단 괜찮은거 같아요!!
6,처음 써봐요와우 향이 강하네요헹굼 후에도 지속적으로 은은하게 향이 나서괜찮아요세척력도 굿
7,세제에 섬유유연제가 섞인건지 모르겠는데 향이 호불호가 갈릴듯 싶네요ㅠ
8,처움에는 반신반의하고 주문을 했는데 생각보다 세척력이 좋고 향기가 나니 따로 헹굼제를 안해도 될거 같은 제품이예요장마철이라 행굼제를 함께 쓰지만 날이 좋은 날은 섬유유연제를 사용하지않아도 될 것 같아요
9,향도 무난하고 적당히 남아서 만족해요!!!평타이상의 세제입니당ㅋㅋㅋ
10,항상 쓰던 퍼실 저렴하게 구매하게 되어 정말 좋네요쿠팡에 처음으로 구매했는데 배송도 빠르고 너무 좋았어요퍼실은 항상 쓰던 상품이라 세탁세제로는 정말 좋은 제품이죠
11,퍼실 사용하는데 이번엔 라벤더향으로 구입해봄 ㅎㅎ 딥클린이라니 한번 사용해보려구요 ㅎㅎ 향은 좋네요 리필용으로 저렴히 잘산것 같아요
12,제품은 퍼실이라 당연히 좋습니다 배송은 쿠팡이라 단연 좋았고요 저렴하게 잘 산 것 같습니다 재구매의사 100입니다
13,계속 써오던 제품입니다현재까지 만족하며 사용하고 있다는 의미이기도 하구요뉴스에 나오기전까지 쭉 사용해 볼 생각입니다
14,향도좋고 세탁도 깨끗히 잘되네요 너무비싼게 선택하는데 장애가되지만요 가격을 좀 팍 팍 쎄일해서 줬쓰면 얼마나 좋겠어요
15,라벤더 향이긴 한데 석유 냄새가 많이 난다쉰내 같은거를 석유냄새가 커버 하는듯기대가 너무 컸나 
16,다좋은데 우리집 세탁기가 일반인데 드럼으로 잘못시켰어요ㅠㅠㅠ 그냥 쓰려구요 귀찮아요
17,항상 쓰는 제품요쿠팡에선 가격도 싸고하니 많이 사놓을 필요가 없드라구요향기도 은은하니 좋아요
18,이 향기가 제일 좋아서 또 구매했어요필요에 따라 세제 양조절만 잘 하면 때도 잘 없어지는듯 합니다
19,기냥 늘 쓰던것수건은 따로모아 세탁하는데 섬유유연제 안넣어도 뭔가 잔향이있음엄지척
20,블로그 후기 보고 구매했는데 탁월한 효과는 잘 모르겠으나 베스트상품이니 재구매하게 되네요
21,항상 퍼실쓰는데 예던 라벤더보다 휘발성 향기 좀 강하네요 전 자연스런 향을 좋아하는데
22,처음부터 이것만 사용해서 다른상품과 비교는 못하지만 좋아서 계속 사용중입니다
23,퍼실은 처음 사봤어요주위 평이 좋아서 기대하고있어요빠른 배송 감사합니다
24,쿠폰이 적용돼서 저렴한 가격이 많이 구매했습니다앞으로 2년은 쓸 것 같아요
25,때가 많은 세탁물도 걱정없이 깨끗하게 세탁이 되어서 재구매한것이다 번창하세요
26,항상 이용하는 제품이에요 피죤같은거 안넣어도 라벤더향때문에 너무 좋아용
27,늘 쓰고 있어요빨래도 깨끗히 되고 기본적으로 살짝 향기도 나고 좋아요
28,잘쓰고 있음요즘은 하루만 입고 빨래하기 때문에 세제의 역할이 덜한듯
29,항상 쓰는제품 향도그렇고전 퍼쉴에선 이제품이 최고인거같아요
30,퍼실 향좋고 다른 거보다 때가 잘 빠지는거 같아서 늘 잘 쓰고 있어요
31,섬유유연제 안써도 빨래에서 기분좋은 냄새가 나요
32,향이 별로에요 항상쓰는제품이라 성능은 믿고씁니다
33,향기도 좋구요 얼룩도 잘지워 져요행굼도 좋습니다
34,애용하는 세제를 마트보다 훨씬 싸게 구매해서 좋아요
35,눈으로 보이진 않치만 빨래널어 놓으면 향이 좋네요
36,향 좋고 괜찮습니다 싸게 잘 산거 같아요
37,퍼실 향은 지속이되나 빨래를 깨끗이 안되는 느낌
38,저렴하게 잘 구매했어요!!
39,늘 사용하던 건데 가성비 좋아요
40,항상 쓰는 제품입니다
41,향도 좋고 아주 만족입니다재구매할듯해요
42,싸게 잘 샀어요넘 만족합니다
43,늘 쓰던거라 만족합니다
44,좋아용
45,믿고쓰는퍼실입니다
46,쿠팡맨최고입니다 사용후기보고주문했습니더
47,좋아유
48,냄새 좋아여 ㅎㅎ굿굿 잘 사용할께요
49,상큼한향 꽤 강함
50,넘넘좋아요
51,조아요조아요조아요조아요조아요조아요
52,갠찮아용 ㅎㅎ빠르규
53,좋아요
54,좋아요
55,항상 사용하던 상품 잘 쓰고 있어요
56,괜찮고 좋아요
57,항상 써오던거라 믿고쓰는 제품
58,매일 쓰는거지만 아주 좋아요
59,좋아요 좋아요 좄아요
60,늘 쓰던 제품입니다 좋아요
61,퍼실이 최고
62,퍼실은 퍼실!!
63,늘 쓰던 제품 저렴하고 빠르게 구입 잘 했어요
64,엄마가 시켜달라하셔서
65,향이 좋고 세척력 좋아서 늘 사용합니다
66,향도 좋고 매번 구입하는 제품입니다
67,믿고쓰는거죠 퍼실!!!
68,아주 좋습니다
69,항상 퍼실써요
70,향이 남성적이에요
71,항상 쓰는거예요 마트보다 훨씬 저렴해요
72,굿
73,향도 좋고 세척력도 좋네요
74,세제중 최고같아요
75,쿠팡이싸요 요구성도다른데없어요
76,늘사용하는제품 만족합니다
77,리필용 제품이라서 저렴한 가격으로 잘 샀어요
78,언제나 퍼실
79,퍼실 믿고누ㅜ제품
80,늘쓰던거에요
81,좋아요
82,깔끔허니 좋아영
83,매번 반족적으로 쓰는제품예요
84,마트보다 싸요
85,늘 써요 향도 좋고 세정력도 좋은듯
86,좋아요
87,늘 쓰던거라 만족합니다
88,좋아요
89,하나에 6천원대로 개싸게샀어요 전 넘 만족
90,항상쓰던것이라ㅎ좋아요
91,굿굿
92,좋아요!!
93,늘 사용하던 브랜드라서 믿고 구매해요
94,빨래가 깨끗해지는 느낌입니다잘 쓸게요
95,저렴한가격에 잘샀네요
96,좋아요
97,배송 진짜 빨르고 좋네요퍼실 세제 쿠팡에서 두반째 구입하는데마트에서 구입해서 낑낑거리고 들고 오느니 쿠팡에서 주문하면 문앞에 놓아주니 진짜 좋네요 마트에서는 진짜 크게 세일할때만 사게되네요재구매 의사있어요
98,배송최악30일 새벽에 와야할 로켓와우가 2일오후에도착그것도 또 상품 누락이네요와우배송이란 이런거군요와우 놀라워라
99,배송 바로 다음날 왔어요 비가 와서 상품을 넣은 박스들이 눅눅한 상태로 왔지만 안에 상품들은 이중포장으로 젖지 않고 파손없이 잘 배송되었어요
100,상품이 두개인데한개가와있네요 색도다르고저희집문앞쿠팡서 사진찍으신것함보세요신랑이 오니 뜯어놔서 사진은못찍었습니다
101,상품은 늘 만족합니다온다는 시간에 제대로 도착하지 않아서 그렇지지킬수 있는 시간을 알려주셨으면 좋겠네요
102,매번 쓰던건데 업그레이드가 되었네요세제가 똑 떨어졌는데 저녁에 주문하고 다음날 받아서 너무 좋았어요
103,쓰는 제품이긴 한데 이번에 새로운 버젼이네요포장이 조금은 아쉽긴 하지만 뭐 빠른 배송이라 추천
104,포장상태가 너무 별로였어요 칼로 포장 뜯다가 세제까지 같이 뜯어져서 다 쏟아져서 애먹었어요
105,상품은 좋으나 박스 다 터져있고 상품 바로 들어가 있어 터질 가능성 농후합니다
106,세제가 없었는데바로 배송되는덕에 빨래를 밀리지 않고 해결
107,역시 쿠팡은 쿠팡이네요 품질 배송 모두 완벽합니다
108,제주까지 안전배송으로 믿음이 가요!!
109,역시 쿠팡배송 굿
110,저렴하고 빠른배송
111,배송도 빠르고 가격도 좋네요
112,항상쓰는제품 배송빠르고좋인요
113,빠른배송 굳
114,배송도 빠르고 상품도 좋습니다!
115,저렴하게 잘샀어요 배송도 빨라여
116,잘받았습니다
117,배송이 핵빠름
118,배송도 빠르고 세제 좋아요
119,배송 정말 빠릅니다
120,빠른배송이네여!
121,매번구입정기배송 예정입니다
122,향기도 좋고 포장도 만족합니다
123,빨리 와서 좋아요
124,6000원 쿠폰이 적용되길래 있음에도 구입한 세제퍼실중에 빨래후 향이 너무 강하지 않아 늘 사용하는 제품아직 남아있는 퍼실이 있어서 다 쓰고 사용할 예정인데 딥클린이란 글에 살짝 더 기대중이네요이번에도 터지지않고 와서 다행입니다
125,쿠팡에서 자주 쿠폰할인 행사를 해서 저렴하게 살 수 있고 집압까지 배달해주니 정말 편리하고 값싸게 구매할 수 있습니다 제품은 의류 깨끗하고 향기롭게 빨수있게 도와줍니다 옆사람이 어떤 섬유유연제 썼는지 물어보더라고요딱 퍼실만 썼는데요 그만큼 향이강하고 오래갑니다
126,처음 사용해 봐요  향도 좋고 행굼도 좋고  앞으로 계속 사용할거 같네요
127,플라스틱 용기에 담긴건 조금씩 세서 배송되어서 이번에는 리필용으로 구매했는데기존 용기에 붓기도 쉽고 세지도 안아서 아주 좋네요앞으론 리필로 사야 할까봐요ㅋ
128,라벤더향도괜찮고빨래도깨끗하게잘빨린느낌입니다하지만퍼셀만의세제향이좀독하게남는듯해요유연제를사용해도유연제향이퍼셀향에묻히네요ㅠ
129,꾸준하게 잘쓰고있습니다 이번에는 다른향 으로 시켜봤는데 이것도 좋습니다 향이 오래 남아요 유연제 안써도 좋아요 앞으로도 쭉 사용할겁니다
130,드럼용 주문한다는게 잘못주문해서ㅠ일반용이 왔는데 급해서 그냥 양을 적게해서쓰고있습니다 나쁘진않네요
131,늘 사던 것입니다단 배송 때문에 항상 팩으로된 리필용을 구매하지요가격 저렴하고 세탁도 잘 되는 것 같아만족스럽습니다
132,일반용으로 잘 못구매했어요이런 실수를ㅠㅠ반품을 하게 되면 비용이 만만찮아서 검색해보니 양을 줄여서 사용하면 괜찮다고 해서 실험을 해보니 거품이 넘치지는 않네요다쓸때까지 양 주의해가면서 써야 할것 같아요퍼실 라벤다 넘 좋아서 한번 구매후 이제품만 써요입을때마다 유연제향은 날라가도 깨끗하게 빨래된 향이 남아있어서 기분이 좋아요
133,일단 향은 좋은데 아직 써 보지않앗지만 괜찮을것같네요써본 후일단 세제로써 약간 마르면 아무향이안나며 섬유유연제 넣어도 안나는게 잇더라구여 흠
134,이번에도 재구매했어요 세탁해보니 일반 세제보다 확실히 세탁력이 좋은것 같아요 라벤더 향도 은은하게 나서 만족합니다! 
135,퍼실 기본향만 사용하다 라벤더는첨이엇어요여름이라 쿰쿰함도 없애고 섬워린스를마니사용하지않아도돼서 좋군염
136,마트보다 저렴해서 인터넷으로세제 구매했습니다 ! !다쓰면 재구매 할게요 감사합니다 ㅎㅎ
137,전에 쓰던 다른 액체세제와 확실히 비교가 됩니다 거품도 잘나고 세정력과 향 모두 좋네요!
138,늘 쓰던 제품인데 좋은 가격에 정말 빠르게 배송 받았어요 새벽에 문앞에 놓여진 센스!
139,빠른배송 감사요 향이 진하고 남자들 향수같은 향이라 저희 아들들이 좋아한답니나
140,믿고쓰는 퍼실이죠 2개 들이는 처음 사보네요혼자 살아서 다 쓰려면 한참 걸릴듯
141,드럼용쓰다가 세탁기가 바껴서일반용 리필용만 샀어요맨날 쓰던거니 좋겠죠
142,항상 쓰는 제품이에요 리필로 구매해서 쓰니깐 편하고 좋아요
143,늘쓰던제품입니다금액이 너무 싸서 전 두개나 샀습니다강추강추
144,퍼실좋아요 시부모님댁에 써보시라고 보내드렸네요만족합십니다
145,항상쓰는 제품입니다 향도 적당한게 최고의제품 인것같아요
146,늘 쓰는 제품입니다 향은 물론 좋구요 가격도 착합니다
147,빠른배송 감사합니다 향도 좋고 여름 내내 잘 쓸겁니다
148,늘쓰던거라 구입했네요 향도괜찮고 세정력도 좋구요
149,쓰던제품이나서
150,좋아요
151,설명이 뭐가필요한가요? 퍼실인데ㅎㅎ
152,매번 구매하는 상품입니다
153,재구매합니다
154,잔여물이 남지 않아 만족함
155,좋았습니다
156,재구매입니다
157,산뜻해요
158,좋습니다 추천합니다제품 좋아요
159,생각보다 좋아요
160,계속쓰던제품이라 주문했어요
161,좋아요
162,좋아요 대박나세요
163,향이 오래가네요
164,라벤다 항상 쓰는거예요 향도 좋아요
165,좋아용
166,좋습니다
167,향이 너무 좋다
168,좋아요
169,오프라인 대비 굉장히 싸구요 제품도 괜찮아요
170,진즉 이제품 쓸껄향도좋고최고에요
171,사용하던 제품이라 만족하며 쓰고있어요
172,아직사용전인데 향이 좋아요
173,향이 좋아요
174,퍼실 좋아요 배송도 좋아요
175,늘 사용하는 제품을 저렴하게 구매하니 좋음
176,좋아용
177,늘쓰는재품
178,보통이에요 향도 보통이고 재구매 의산 없어요
179,녹색 쓰다가 보라로 바뀌바요
180,늘 쓰던거라 믿구구매합니다 
181,항상 쓰던거에요
182,굿드
183,아직 사용안해서 품질은 잘 모름퍼실은 처음 샀음포장은 2개씩 보장 되어있음깔끔하게 배송 잘 왔음
184,저렴하게 잘 산것 같아요그런데 쿠팡 배송은 너무 별로네여한번은 지하에 갔다 놓고 또 이번엔 다른 동에 갔다 놓고 
185,항상 쓰는 퍼실! 아주 잘 받았습니다제품 상태도 좋구여 두개씩 잘 포장되어있었어요
186,향도 괜찮고 리필이라 가격도 저렴하고 로켓배송이라 배송도 빨랐어요
187,배송도 빠르고 포장도 2개씩 따로따로 잘 포장되어 왔습니다
188,문앞배송 요청했는데 경비실에 놓구갔내요 맘에 안듭니다
189,조아요
190,배송도 빠르고 상품 상태도 너무 좋아요
191,할인받으면 최저가에 새벽배송!
192,빠른배송 좋아요
193,빤른배송 좋아요 잘 받았습니다
194,잘 받았어요 감사합니다
195,배송빨라요
196,퍼실 언제나 잘쓰고 있어요 ㅎㅎ라벤더 향도 맘에들고 항상 잘 쓰고 있답니다!배송도 빠르고 감사합니다!
197,쓰던거라 저렴해서 리필구매 했습니다구매하고나니할인쿠폰 생기네요 ㅎㅎ에효
198,항상 이제품 쓰고 있어요빨래한 느낌 제대로 입니다향도 은 은 하고
199,피지오겔 만쓰는데 라벤더향이 은은하게 나서 빨리 향이 좋습니다
200,향도좋고때도잘지고계속 재구매 사용중 입니다추천합니다
201,일반마트에서 사는것보다 가격싸고 배송 완죤 빠르고
202,세척력이 좋구 냄새도 은은하게 나면서 넘 마음에 드네요
203,세택세재 설거지 세재는 퍼실만 씁니다
204,항상 쓰는 제품이에요
205,향도 라벤더라 좀더 포근하고 향기로워요
206,좋아요
207,항상쓰는거라 주문했어요저렴하게 잘샀어요
208,향도없고 퍼실짝퉁같은 느낌절대 안사요
209,좋아요좋아
210,역쉬퍼실은 실망시키지 않는군요!ㅎ
211,배송 빠르구요꼼꼼하고 안전하게 잘 포장되어서 왔어요매일 쓰는 세제인데 마트에서만 구매하다가 배송도빠르고 가격도 더 저렴한 쿠팡에서 구매하게되어서 너무 좋아요
212,배송기사아저씨 전화한통없이 배송완료 문자보냄무거워서 주문했더니 아저씨편안곳에 배송완료
213,항상 쓰던 제품이라 재구매합니다빠른배송감사해요
214,향도좋고 배송도빨라요
215,세제는 항상 퍼실입니다세척력 좋고 잔향도 좋아요아이들 옷 세탁도 함께 사용하고 있어요
216,배송은 좋아요!! 만족해요포장을 뜯다가 생각나서 찍어서 뜯겨있지만 ㅋ제가 뜯은 흔적이에요!!ㅋ그리고 지금은 세탁은 안하고 향만 맡아봤어요라벤더향이진하게 나요 세탁세제라서 세탁후에 얼마나지속될지는 더 써봐야 알것같아요!!색처럼 딱 라벤더 보라느낌이에요! 향은 ㅋ세척력 좋다고해서 샀어요후기또 남길게요
217,상품평이 좋아서 구입했어요집에 건조기사용하는데 건조기시트로는 향이 안나는거같아무지 고민하다가이제품 사용하면 건조해도 향이 지속된다고해서 구입했네요사용해보고 다시 후기남길께요와우 이제품을 왜 이제 알았을까요ㅠㅠ오늘 사용해봤는데 세제만 넣었는데!!섬유유연제를 넣은줄!!건조기 돌렸는데도 향기가 남아있다니 대박!!이번에 드럼으로 바꾸면서 일부러 섬유유연제는 사용안하는데섬유유연제때문에 세탁통이 너무 더러워져서ㅠ세제만 써도 되니 대박아이템이네요ㅋㅋ앞으로 쭉 구매예정각이네요ㅋㅋ
218,향이 꽤 강한편원룸 드럼세탁기 돈주고 세탁조 청소 맡기고 싶어도화장실좁아서 안해준다는 업체 많아서드럼용 세탁조 청소 제품 사서 간간히 청소해도 물냄새 안빠져서미쳐버리기 직전이었는데이거 쓰고 나면 그나마세탁기 돌린 기분들어서 만족합니다양도 꽤 괜찮다고 생각하고요 가성비 갑다만 섬유유연제 고유 향 느끼고 싶은 분들께는 비추해요 향이 강해서요
219,냄새는 일단 좋아요박스 열자마자 음 향기가 좋군 했는데 그 이유는 바로 세재가 조금 세어 나와서 ㅋㅋㅋㅋㅋ그나마 다행인건 조금 세어나왔다는 점과 비닐 뾱뾱이에 한번 싸여와서 세제 용기에만 액이 묻어있어요다른 세재 많이 주문해봤는데 이렇게 액이 세어있는건 처음그래서 배송문제가 아니라 용기뚜껑 자체가 눕히면 세어나오게 되어있는게 아닐까 추측해봅니다퍼실 사실거면 액이 조금 나올 수도 있다는 가정하에 구입하시길냄샌 섬유유연제처럼 강합니다
220,세제가 다 거기서 거기지 싶어 퍼실 좋다는 거 들었으면서도마트에서 세일하는 세제를 그냥 그때그때 사서 썼는데금요일밤 세제가 딱 떨어진 것보고 로켓배송 시켰는데 새벽에 배송되어 오고주말동안 겨울이불서 부터 다 세탁했지요 향기도 좋고 깔끔하게 나온 의류를보고 퍼실 퍼실 하는 이유가 있었구나 싶어이젠 마트에서 세제 세일해도 눈길도 안갑니다 섬유유연제 사용도 줄었네요때는 쏙 향기는 솔솔 ㅎㅎ
221,개봉전인데 하나는 가득채워져있고 하나는 덜채워져있어요 ㅋㅋ
222,오천원쿠폰으로 저렴하게 구입했어요 향이나 세척력 모두 무난하네요
223,줄줄 다 세서 세제냄새엄청나고 미끌미끌 난리 ㅠㅠ 두껑이 헐겁게 닫아뎠네요 ㅡㅡ
224,저번에 1개를 구매했을때 향이 너무 좋아서 이번엔 비슷한걸로 2개를 구매했는데 저번거 보단 향이 안좋아요 이번에 2개를 어떻게 다 쓸지 고민이예요 추천 하고싶지가 않네요
225,세탁도 잘 되고 무엇보다 빨고나서 섬유유연제만큼이나 향이 좋고 오래가요! 가끔 빨래 돌려놓고 까먹고 좀 늦게 꺼내면 섬유유연제 향도 안날때가 많은데 조금 늦게꺼내도 향이 폴폴 만족합니당
226,이거 정품맞나요ㅡ평소쓰던대로 넣는데도 거품전혀안나고 따르는주둥이는 거꾸로 되어있어서 다흘리고이거뭐에요
227,깨끗히 잘씻기는거같아요섬유유연제 같이 사려니 아까워서 보다가이건 유연제 필요없다해서 구매했눈데향기는 막 좋은향운 아니고 구냥 빨래향 나요은은한 풀냄새라벤더냄새 ㅎㅎ다 쓰면 또 구매하려구요
228,매번 요것만 쓰고 있어요옷에 묻은 볼펜 자국도 지워져 잘 쓰고 있으나 가격이 계속오르네요 ㅜㅜ
229,일반용을 구입한다는것이 드럼용으로 구입했으나 세탁 시 조금 더 용량을 늘리면 되니 사용하고 있습니다마트보다 저렴하고 저희집은 퍼실 제품 중 라벤더가 좋아 구입했네요퍼실세제는 섬유린스를 사용하지않아도 잔향이 조금이나마 남아있어 좋아요
230,항상쓰는제품 입니다다는제품 쓸때는 뚜껑에 부어서 사용후 내용물이 모두 통바닥으로흘러서 바닥이 지저분햇는데 이거는 흐르지않아서 좋아요 디테일함이 잇네요 ㅋ
231,적당한 가격으로 구매한 것 같습니다일단 약간 세제가 새사 배송되었어요ㅡ세제냄새가 넘너무 강해서 잘 안빠지네요사용할때마다 냄새가 심해요
232,기숙사에서 쓸때 처음 구매해서 썼는데 액상이라 편하고 넣는 입구가 흘리지않는식으로 되어있어 잘 사용하고 있어용자취를 시작하면서 2번째로 구매를 또 했습니다!세척력향기사용하기 편함저는 혼자 사용해서 그런지 반개월에 하나씩 넉넉하게 쓰는 것 같아용
233,세제가 다 떨어졌길래 급하게 쿠팡들어가서 뭐 시킬지 고민하다 세제가 다 비슷하겠지 생각하고 별 생각없이 그냥 보라색이 좋아서 시켰어요 용량도 크고 향도 좋아요 세정력도 괜찮은 것 같구요 요즘 일때문에 옷에 검은 기름자국이 매일 묻어있는데 하늘색 옷에 심하게 묻은 것 빼고는 노란옷 베이지 색 옷의 묻은 얼룩도 다 지워졌어요 전에 퍼실 초록색 썼었는데 이게 훨씬 더 향이 좋네요 앞으로 보라색 구매예정입니다
234,퍼실은 조금만 넣어도 잘 빨리고 냄새도 좋아요 전 섬유유연제 안쓰고 퍼실만 씁니다 과일물 들은건 손빨래후 넣으면 깨끗해요 만족하고 잘 쓰고 있숩니다
235,갑자기 세제가 떨어져서 구매했는데마트보다 훨씬 저렴하게 구매했어요!!향은 뭐 나쁘지않아요ㅎ
236,사진과 똑같이 크기가 굿굿 너무 좋아요저희 시엄마도 이제품 쓰시는데요비싸기는 비싸도 제품 좋다고했어요한번써볼려고요잘쓸겠요
237,퍼실은 사랑입니다결혼 후 이것저것 써보다 막바로 정착하게된 퍼실향도 세척력도 최고인듯
238,와 너무 좋아요 세제 맞나요 섬유유연제 아니세요?세정력도 최고 향도최고 양도 괜찮고 가격도 괜찮아요무조건 이 제품 사세요!ㅜㅜ
239,세제 뚜겅을 잘닫지않나 샛서요 ㅠㅠㅠ다음에는 꼭닫아주세요 이번에는 실망이에요ㅠㅠㅠ
240,이 상품으로만 정착한지 3년은 넘은듯요따로 유연제 쓰지 않아도 좋아요미끌거리는 유연제 느낌도 별로 선호하지 않지만향도 이것만 써도 충분하다 싶어서요라벤더 향이 과하지도 않고 너무 인위적이지도않아서 즐겨 씁니다
241,원래 쓰던 상품에 견본으로 딸려 왔는데 좋아서 갈아탔어요ㅋㅋ 향도 거슬리지 않고 세탁도 잘 됩니다
242,세제 많이 사봤는데 이렇게 새어나온건 처음이에요 ㅋㅋㅋ 많이 샌건 아닌데 그래도 좀 그렇네요
243,비싸요  늘 광고 믿고 사게되는데  잘 빨리는지는 모르겠어요  세균도 잘 죽여주는지도요  믿고 써보고 있습니다  옛날 가습기 살균제 회사에서 나온거 아니면 됐죠  광고 믿고 그냥 씁니다 저는 
244,보통 빨래후 느껴지는 포근함 쾌적한향이 아니라 너무 당황했고 괜히샀다는 후회가 든 제픔입니다 오히려빨기전에 냄새가더좋았던것같기도하고요 향을 조금이라도 신경쓰시는분이라면 구매추천안해요
245,제가 향을 참 중요시하는데 이거 너무좋은데요?섬유유연제 따로 안써도 되겠습니다빨래하고나면 집안에 퍼실냄새 솔솔 퍼지는데 기분좋은향이네요앞으로 제 세제는 퍼실입니다
246,ㅋㅋㅋ좋네요 향기가 호불호 갈려서 많이 걱정했는데!섬유유연제 아직 남았는뎈ㅋㅋㅋㅋ 안써도 될 것 같아용 대용량이라 양도 많고앞으로 이걸로 계속 쓸래용
247,일단 테스트를하기 위해 짬뽕국물이 묻은 흰옷을 빨았는데요 말끔히 지워졌고 섬유유연제를 안놓어도 향이 나서 이 세재만 넣고 빨아도 될 것 같습니다! 저는 정말 만족해요
248,섬유유연제처럼 향이나요향나는걸 좋아하는지라 좋은데호불호가 많이 갈릴것같은 냄새네요좋은것같기도하다 어느날은 좀 이상한가싶기도한 좀 오묘한 냄세랍니다
249,초록색 파워젤? 쓰다가 이번에 세탁기를 바꿔서 드럼용으로 구입하면서 사봤는데 괜찮은거 같아요퍼실은 늘 사용하던거라 세탁력이랑은 워낙에 좋아서 만족합니다
250,드라이용 바지에 음료수를 쏟아 드라이세탁소에서했는데 안지워져서 지인의 권유로 구입 바로 세탁우와 얼룩 없어졌어요 감사합니다 
251,빨래가 잘되는지는 모르겠고 일단 라벤다인지무슨 향이 나는데 강한향을 싫어하는 저에게는 버릴수도 없고 반품할수도 없고 정말싫어요 ㅠ ㅠ
252,거의 몇년째 세제는 퍼실만 씁니다!!꿉꿉한냄새도 별로 안나고 때도 잘빠지고 무난하니 좋아서 현재까지 잘쓰고 있습니다 
253,잘빨리고 좋은데 살짝 싼이유를 알겠네요 개인적으로 향기가 쫌 머리아픈 방향제향이예요 라벤더냄새이긴한데 너무 과해요 ㅜ
254,퍼실 처음 써봤어요왜다들 퍼실퍼실 하는지 알겠네요향이 너무 고급스럽고 세탁도 깔끔하니 좋아요이제 퍼실만 쓰게될듯
255,항상쓰는제품이에요대량 구매할까하다가 다용도실이 워낙작아서 한개만 샀어요주변에도 퍼실만 쓰는거 같아요
256,쿠팡 역시! 문 앞에 놓아주시니 너무 세상 편하고 감사하네요 라벤더 향은 괜히 좋아요 피로감이 풀리는 듯 해요
257,다른거 쓰다가 퍼실 좋다해서 넘어왔는데향이 너무 좋아요어차피 섬유유연제에 향이 묻힐꺼지만 너무 죠아용
258,세탁기 빨래 후에 옷애서 배어나는 은은한 향기가 좋습니다여름철 빨래할 일도 잦은데 자주 애용해야겠습니다
259,개인적으로 향기가 잘 맞지 않을 것 같아요퍼실은 어떤 장점이 있어서 다른 세제류 보다 가격이 비싼지 궁금해요
260,늘쓰는거3리터는 좀 무거워요 ㅠ작은게 있었으면 좋겠네요어차피 리필 넣어 쓸껀데 ㅠ 작은건 품절이네요
261,냄새에 예민해서 후기보고 걱정 많이 했는데제가 느끼기에는 은은하게 남아있는 정도에요!강추합니다
262,때는 잘 빠지고 양도 넉넉하고 좋습니다 향이 너무 강해서 섬유유연제 냄새랑 좀 섞이는 게 좀 그르네요ㅠ
263,냄새가 너무 진해서 원래 빨래한번 돌리면 한컵 넣는데 얘는 반컵정도밖에 못넣겠네요 향 자체는 좋음
264,퍼실 만족 때도 잘지고 수건 빨때는 섬유유연제안넣는데도 세제특유의향이 지속되서 좋아요
265,다른 회사거 쓰다가 향이 너무 독해서 이걸로 바꿔봤습니다은은하니 싼 라벤더 향기가 아니라 좋아요
266,추천받고 구매했어요 향도 좋고 좋으네요 저렴한건지는 잘모르겠어요 헤프게사용되서 ㅎㅎㅎ
267,아주 만족스럽고 감사합니다 늘 이제품을 쓰고 있는데 언제나 만족스럽습니다추천드립니다
268,혼자사시는 분들은 무조건 사세요 ㅎ피죤안사도 얘가 냄새도 좋아서 이거 하나로 해결됩니다 ㅎ
269,빨래 깨끗해요퍼실의 향은 그닥 안좋아 하지만 어차피 유연제 쓰니까 괜찮아요 좋아요
270,후롤랄향싫어하는데 여기 제품 후로랄향은 거북하지않더라구요잘쓰겠습니다
271,항상 퍼실만 이용해왔는데 가격이 괜찮게 나와서 사게 됐어요항상 애용하는거라 좋아요
272,언제나 쓰는제품할말이없어요제가 항상 쓰는제품이고향도전 이게젤좋은거같아요
273,이상하게 향기가 안나구요 흰옷들이 다 분홍색으로 물들었어요 이거 정상인가요?
274,향도 은은하내요늘 쓰는제품이라 제구매 합니다이번에는 색상별로 구매해보았내요
275,마트에서사는 그거랑같아요입구를 테잎으로붙였는데도상품이 조금새서왔네요
276,기획전통해 정말 득템했어요ㅎㅎ 퍼실 제품력뛰어난건 알고 있으니깐요 ㅋ
277,제품은 딱 맘에 들어요다만 배송중 뚜껑이 완전 밀봉되지 않아서 흘러내렸어요
278,액체세제는 개인적으로 퍼실라벤더가 젤 좋아요은은하게 향도있고
279,기숙사에 있는아들이 좋아해요세제 찌꺼기도 없구 괜찮다고 하네요
280,일반용 두통이나 남았지만드럼전용 필요해서 바꿔봤는데그저그래요
281,향 지속력이 대단하네요 거의 섬유유연제 급인줄알겠습니다
282,아 이거 써봤는데 진짜 취향 차이이긴 해도 제 취향엔 진짜 별로인듯
283,상품 퍼실이 많이 사용하니까 신랑도 추천하고 잘써보겠습니다
284,퍼실은 사랑입니다하지만 예전보다 세척력 떨어진거 같아요 ㅠㅠ
285,제가 쓰고 향이너무좋아서 어머니집에도 한통 보내드렸습니다
286,나름 때도 잘 빠지고 약간의 향도 나는듯한데쓸만합니다
287,생각보다 괜찮네요소량만 넣어도 섬유유연제 기능도 좋구 ㅎㅎ
288,뚜껑에 덜어쓸수있어서 너무 편해요뚜껑만 따로 안파시나요?
289,향도 은은하고 적은양으로도 깨끗이 세탁되서 만족합니다
290,향이 정말 강하네요 실내건조해도 별냄새 안나는거 같아요
291,조금 세서 온거 같은데통 전체에 묻어서 미끌미끌거려여 ㅠㅠ
292,항상 쓰는 제품이라잘 쓰고 있습니다다음에도 구매할게요
293,향이좋아서 유연제 넣지않아도 세탁물의 향기가 살아있네요
294,조금 흘러나와 당황했지만 그래도 괜찮아요향이 좋네요
295,빨래세재중에 이게제일 좋은것같아여 쓴지3년도ㅑㅆ어요
296,순간 구녕 아래에서 나와서 첨에 살짝 흘림 이거빼면 다 아쉽
297,배송 넘 빨라요! 세제 향기 너무 좋아요 담에 또 재구매해요
298,가루가 아니라 액체여서 너무 좋아요 향도나서 좋습니다
299,엄청 업그레이드된줄은 모르겠어요 예전 쓰던 느낌입니다
300,항상 믿고 쓰는 제품이에요! 라벤더 향이 느무 좋습니당
301,라벤더향섬유유연제 안쓰고세탁해도 향 남아요 굿
302,샌다는말있어서 조마조마했는데 이상없이 잘받았어요
303,세척력도 좋고 향도 은은해서 우리가족 빨래에 적당해요
304,저렴 하게 잘샀는지 모르겠네요살때마다 다른것 같아서
305,세정력은 퍼실 딴제품이랑 비슷한듯향 많이 강함
306,ㅅ생각보다 향이 강하네요 섬유린스 냄새가 뭍혀버린듯
307,늘 사용하는 제품 입니다쿠폰으로 할인 받아 구매 했어요
308,향도 좋고 세정력이 좋아 자주 이용하는 제품입니다
309,라벤더 향이 많이 나서 개인적으로는 별루안좋았어요
310,퍼실퍼실 하는 이유를 알겠네요 아주 만족합니다
311,세제 투입구가 삐뚤어져 내힘으로 돌릴해도 안되네요
312,일반세탁기인데 드럼인거 못보고 질럿네요 ㅋㅋㅋㅋ
313,저렴하게 잘 구매했어요 배송 빨라서 완전 좋아요
314,받자마자 세탁 해보았습니다향이 좋으네요
315,아직 쓰던게 남아서 못써봤지만 괜찮을것 같아요!
316,이 제품은 재구매 향도 좋고 양도 많고 좋습니다
317,유연제가 굳이 필요없는 퍼실 좋아요
318,조금만써도 깨끗하게 잘 세탁되네요!만족해요
319,양 많고 세척력 좋고 무거운대 집앞까지 갖다주시고
320,냄새가 매우 좋고 저렴하게 구입할 수 있어서 좋아요
321,아주 만족스럽고 감사합니다 늘 이제품을 쓰고 있는데 언제나 만족스럽습니다추천드립니다
322,아주 만족스럽고 감사합니다 늘 이제품을 쓰고 있는데 언제나 만족스럽습니다추천드립니다
323,조아요조아요조아요 조아요조아요조아요조아요조아요조아요
324,좋은 가격에잘샀어요
325,좋아요
326,항상 쓰던 제품 감쟈합니다 
327,괜찮네요
328,좋은것같습니다
329,이거 좋아여 냄새도 굿
330,만족합니다
331,좋아요 배송 빠르고!
332,향이 완전 조아요
333,향기 굿
334,너무좋았습니당ㅎㅎ
335,싸게 잘샀어요
336,향도좋아 늘 이걱만쓴답니당
337,싸게 구매한거 같아요
338,역시 퍼쉘이 젤 좋네요
339,이것만사용해요
340,늘 쓰던거라 말이 필요없네요
341,퍼실굳
342,양 많고 좋아요
343,첨 써보는데 꽤 꽨창ㅎ네요!!
344,세탁질됩니다
345,계속 써왔던 제품으로 좋아요
346,늘 쓰는제품이라 한번쓰니 계속 써져요
347,가격대비 만족합니다
348,좋아요ㅋㅋㅋㅋㅋㅋㅋㅋ
349,좋아요 ㅎ
350,믿고 삽니다
351,향 좋아요 세척력도 나쁘지 않아요
352,늘 쓰던 퍼실 만족합니다
353,퍼실제품이 다 좋네요
354,요것만써요향도좋구세척력도좋은듯
355,냄세는 좋음
356,섬유유연제 안 써도 돼서 좋아요
357,늘 쓰는 제품 
358,좋아요
359,좋아요
360,잘쓸게요
361,좋아요
362,퍼실 좋구요 배송 빠르구요
363,조금만 넣어도 되고 향도좋아요
364,여름이라 향기가 있는 제품으로 선택해 봅니다
365,향도 좋고 양도 많아서 좋아요 잘쓸께요
366,재구매후잘써요
367,가격이 착하고 향이 좋아요
368,매번쓰던거라주문했어요마니파세요
369,가격대비 최고!!
370,저렴하게 구입해서 좋아요 다 쓰면 또 사려고요
371,좋아요
372,향기도 좋고 최고의 물비누입니다완전 최고!!
373,향기?냄새?휴
374,향 좋아요 만족
375,언제나 늘 퍼실확실한 퍼실때가 쏙 퍼실
376,그냥 그래요
377,늘 쓰던제품이에요
378,집들이 선물로 보냈는데 맘에 들어하네요
379,너무 잘 세탁되어서 좋아요 ㅎㅎㅎ
380,향이 이상해요 양말 세탁할 때만 사용합니다
381,향이좋아여
382,향이 강하네요
383,좋아요
384,향도 좋고 가격도 좋아요
385,때잘지고 향기조아요
386,좋아요ㅜㅜㅜ!!
387,향도 좋고 세탁1등 이네욤 감사합니다
388,향기가좋고세탁력이좋아요
389,좋아요
390,늘 쓰던거라 젛아요 향도 멈에 들구요
391,퍼실 세탁력좋고 향좋아요
392,색깔도 이쁘고 냄새도 좋네요!!
393,항상 퍼실만 사용중입니다
394,잘받았어요 관찮아요
395,섬유유연제안써도되서넘좋아요
396,다 흘려서 와요
397,향이 오래오래 남아서 계속 주문하고 쓰고 있음
398,항상 사용하는 퍼실입니다
399,좋아요
400,향이 좋은것같습니다
401,좋은제품을 싸게사서 좋아요
402,퍼실이요
403,Its smell so good
404,찬물에도 잘빨리고 조아요
405,좋은향
406,배송 빠르고 빨래 깨끗 향 솔솔 짱
407,냄새가 내취향이아님
408,항상써오는거라
409,쓰돈거라 좋아요
410,향이 강하고 좋음섬유유연제 향을 덮을정도
411,좋습니다
412,세제만 넣어도 향기가 솔솔입니다용
413,진짜 인생세제향이 너무 제취향이에요
414,항상 이제품만 씁니다 굿굿
415,향이 좋아요
416,좋습니다
417,향이 끝내줍니다
418,좋아요! 딱 좋아요
419,좋아요
420,좋아요
421,포장할때 조금 신경 좀 쓰면 좋겠는데 
422,항상 사용하는거계속 사용할거
423,원래 쓰던거
424,향이 좋네요
425,향도 좋고 너무 좋아요
426,늘 쓰던거라
427,향도 좋고 상쾌해요 이것만 써야겟어요
428,향도 좋고 재구매합니다
429,길게 쓸필요없이 이름값 하네요 좋아요
430,굿굿 칼배송좋아요
431,물세재 쓰다 가루 세재 못쓰겟어요 좋아요
432,향기지속력이 좋아요ㅎ
433,때가 안 빠져요
434,항상 쓰던거에요유연제 안써도 향이 좋아요
435,잟쓰고 있네요
436,향이 오래감너무좋음!
437,향도좋고 찌든때도 잘지내용
438,좋아요지속적인 이용하고 있습니다
439,향이너무좋네요
440,좋아요 향
441,좋아요
442,세정력도 좋지만 남는 향이 좋습니다
443,김남주언니에게 새삼 고마움ㅋ 빨래잘됨
444,향도 좋고 대용량이라 좋아여
445,너무 좋아요
446,역시백문이 불여일견이네요
447,때가 더 잘 빠지는 것 같아요좋아요
448,향도 좋고 잘 세탁되는것 같아요!!!
449,늘 쓰던 제푸입니다 편하게 잘 사용해요
450,만족해요
451,항상 구매하는 상품입니다
452,늘 쓰던제품입니다잘쓸께요
453,향좋아요
454,통돌이인데 드럼용사버힝 ㅎ
455,빨래 때가 잘씻겨나가 쓰기에 딱이예요
456,세탁 후 향도 괜찮고 오래남네요 좋아요!
457,색상도 냄새도 좋아서 재구매했습니다
458,저렴하게 잘삿어요
459,기존에 쓰던제품여전히 좋아요
460,향도 좋고 좋습니다!
461,좋아요
462,대 만족
463,좋아요 향도 은은하고 지속력도 괜찮아요
464,세탁 세제는 항상 퍼실만 ㅆㅓ요
465,향도 좋고 애용하는 제품
466,향이 좋아요
467,늘 사용하는 세제입니다 좋아요
468,역시나 좋네요
469,늘 쓰던겁니다
470,괜찮은거같아요
471,늘 좋아요 항상 쓰던 제품
472,드럼세탁기용무난하게 사용 가능은은한 향이 남
473,향도 진하지 않고 좋아요국민 세제
474,오래 누워잇엇는지 조금 세엇어요 ㅠㅠ
475,굿 저렴한 가격에 잘삿어요
476,향이 진해서 좋아요
477,좋아요
478,향도 좋고 깨끗해지는 느낌이예요
479,적당한 향에 적당한 가격 만족합니다
480,흰옷 새탁 잘되는것같아요!
481,늘쓰던 라벤더퍼실 싸게 잘샀어요
482,향 좋아요 사용 하시던 분들은 재구매할듯
483,품질은 좋은데 가격이 더 내렸으면 해요
484,좋아요
485,처음 구매입니다세탁력좋을거라 기대해봅니다
486,항상 쿠팡이용합니다 그런데 이번에 이게먼가요 세제를 테이프하나발라서 다 넣어 배송하셔서 비닐안이 엉망이네요 세제가넘쳐 다른물건까지 흠뻑젖었고 화장솜은 입구가 터져 안까지 들어갔어요 퇴근하자말자 열어보고 기함 씻고 껍질벗기고 그대로 반송할것을!!평소엔 필요없는것도 뽁뽁이 싸주시더니 이번엔 정말 엉망이네요 알아서 세제는 근처에서 사란말인거죠 실망입니다
487,배송까지가 판매자의 책임인거 아시죠?나는 하자없는 상품 똑바로 싸서 잘보냈는데그 다음에 잘못된건 내 책임이 아닌데? 라는 생각을가지고 계신건 아니리라 믿습니다상품의 질은 둘째치고이런식으로 배송하시면 어쩌자는겁니까?빨래하기전에 제 손부터 씻게생겼네요제가 하자있는 상품을 받아도 귀찮아서 반품안하는 편이라 그냥 쓰긴하겠지만이런식으로 배송한 것에 대한 사과는받아야겠습니다그게 판매자로서의 도리아니겠습니까?
488,어떻게 배송을 했길래 다 깨지고 터져서 난리도 아닙니까 지인 집들이 선물로 보냈는데 치우느라 일만 더 만들어서 미안하게 생겄네요
489,세제는 향도 좋고 거품도 아주 잘나네요 덕분에 현관 청소에 주차장 청소 까지 ㅡㅡ저기에 사람이 미끄러져서 넘어져야 여기 쿠팡은 책임질라나 모르겠네요 내가 치우는게 아니라 넘어질걸 그랬나요? 쿠팡맨이 사고 쳤으면 치우고 갔어야지 그냥 쌩하고 도망가나요? 사과 할거면 똑바로 하세요! 문자 딸랑 한통 어이없네요
490,왜 다 질지세서오죠??????? 흐른만큼 환불해줄거 아니시잖아요교환일텐데 ㅡ 시간버리게 포장신경써주세요 저 투명봉투안에 끝입니다
491,배송이 이게 뭐죠거실 바닥에 세제 다 세고 와서 그대로 가져가세요
492,배송이 잘못된건지출하할때부터 문제가 있었던건지퍼실세제의 뚜껑이 비스듬하게 닫겨있어서포장된 비닐속이 흥건하게 흘러있었습니다재구매하고싶지 않습니다
493,뚜껑이 깨져서 왔네요부탁받고 주문한건데 교환신청합니다교환되서 오는 제품은 제대로 된 제품 잘 포장해서 보내주세요
494,상품이 불량인지 배송을 제대로안해주셨는지 퍼실이 줄줄 새서 왔어요 같이온 우유에도 다 묻을만큼 많이 샜네요청소하고 닦느라 힘 뺐네요
495,모서리 한방 찍혀있지만 파손까지는 안되서 다행입니다제품 뚜껑이 최초 밀봉된 상태가 아닌건지 바로 열리고 표면에세제가 조금 샜었는지 미끄덩 거립니다다 터져서 왔던 리뷰도 보이던데 그건 배송과정마다 다른거 같고제품은 아주 좋아보입니다
496,언제나 퍼실광고 신상품ㅋㅋㅋ그전엔 박스로 주문했는데파손되서 온후론 하나씩 주문함택배 여사님이라 기사님이 여자분힘드거신 같아서ㅋㅋㅋ여자가 4개들이 한 박스들기는 무겁거든요언제나 퍼실 쓰니까 잘쓰겠음당
497,최악 뒤처리하느라 사진도 못찍었네요 최악중에 최악뚜껑은 깨져서 훤히 보이는 비닐에 세제 삼분의일은 다 세어왔는데 그대로 문앞에 똑바로 세워놓고가셨네요양심은 있으신가요조금씩 세어나온경우는 많았는데 이건 원험한말만 나오네요별은 무슨 
498,상품뚜껑부분불량으로 다 세어왔어요검수를 해주세요
499,빠른 배송 감사 드립니다다른상품과 같이 주문했는데박스가 젖어 있어서 봤더니세탁세제가 새서 비닐 안이 다 미끌거리고포장도 비밀로만 되어서 왔네요교환하기 귀차나서 그냥 쓰지만 다음엔깔끔한 포장과함께 부탁 드립니다
500,항상 구매하는데 한번도 내용물이 쏟아진적이 없는데 이번에는 쏟아졌어요포장에 신경써야겠어요
501,원래 이만큼만 담겨져서 오는게 맞나요??
502,뚜껑에 테이프만 붙여줘도 안새고 올텐데 말이죠내용물 질질 다 새고 도착했네요
503,제품은 좋은데 맨날 주문할때마다 터져서 오나요!!!!?쫌 안전하게 뿅뿅이나 깔거나 빡스 딱맞는거 쓰면 안됩니까????치우기도 짜증나요 진짜배송 받을때마다 짜증남 그냥 마트가서 편히 안전한게 사는게 훨낫겟내요 먼 제품을 박스에 덩그라니 넣습니까???지금 23번 주문햇는데 다 터져서 왔어요반품할시간이 없어서 지금까지 그냥 썻는데 집앞 치우는것도 이더위에 빡친다고요 생각좀하고 포장하세요 쫌
504,배송시에 뚜껑이 덜 닾혀서 속에 있는 액체 다 흘러나오고 장난아니네요다음 배송부터는 좀 더 신경써 주셨으면 합니다
505,세제가 줄줄새서 왔네요통도 세제새서 미끌미끌해져서 한번 씻었어요어디깨진건가 뚜껑이 잘못잠겼나 모르겠지만샌 양이 별로 안돼도 기분 더럽네요
506,완충제 전혀없이 비닐 포장만 포장좀 잘해서 보내주지 역시나 용기 겉표면과 밑바닥으로 다 흘렀네요
507,다른 사람들은 뾱뽁이에 싸서 보내주시더만저는 그냥 비닐에 싸서 상품이 왔네요안에 액상제품도 너무 샜어요아래 사진은 배송 된 상태입니다 박스 위에 비닐올려져있고 안에 제품 보이시죠?귀찮아서 그냥 닦아쓰렵니다다시는 여기서 안사요
508,다른사람들은 뽁뽁이로 포장도 되어있고하던데뽁뽁이는 커녕 뚜껑도 제대로 안닫혀있어서 제품 다 새서 왔네요 귀찮아서 반품안하고 그냥씁니다향이랑 세척력은 좋습니다계속 주문할꺼니 다음에는 신경써서 부탁드립니다
509,깨지지않고 잘 왔네요 고맙습니다 빨래 잘 할게요
510,포장잘해보내주시면 좋겟네요 세제가 흘러나왓어요
511,배송 빠르고 좋고 냄새도 좋고 다 괜찮은데 질질 새서 와서 오자마자 닦느라 힘들었어요 ㅡㅡ 빨래 다섯번 정도 할 양은 샌가같아요 짜증남이게 정량은 아닐텐데 좀 더 꼼꼼히 포장해서 보내주세요
512,배송이 세제가 다 새고 배송이 너무 불만 많았습니다
513,배송도 빠르고 너무 좋았는데 완충제 하나 없이 배송 된 점이 너무 아쉬워요 다행히 깨지거나 그런건 없었어요 그래도 빨리오고 항상 쓰던거라 너무 좋네요! 잘 쓸게요
514,배송상태가 영비닐봉투에 딸랑 넣어 배송됐는데요찌그러져 있고 깨진건 뚜껑이 열렷던 건지세제가 봉투안에서 샛더라구요배송원을 프리랜서 식으로 하면서 배송상태가 엉망인 경우가 종종있는거같아요 그래도 바로 교환신청하도 다음날 교환 재배송 받았어요!
515,터져서 왔다고 써 있는 후기가 많아서 걱정 엄청 했는데 새지도 않고 안전하게 잘 왔어요 기사님께서 친절하게 직접 전달해주고 가셨어요 감사합니다
516,세제 만족도 좋아요 다만 세제가 다 흘러서 왔네요애초에 뚜껑이 열려있었던것 같은데 물품 발송할때 검수에 조금 더 신경써주시길 바랍니다
517,배송상태가 별로였어요 뜯자마자 향이 나길래 향이쎈건가햇는데 다 제품 다 흘려잇고뚜껑도 조금 오픈된 상태 마치 누가 사용한것 다시 배송을 해주신건지상품은 워낙 향도 좋고 다른 세제보다 좋은데 배송이 문제인지제품이 문제인지 아쉽네요!
518,배송 빠름근데 다 세어서 와서 다시 닦았어요반품 상품은 아닌 거 같은데원래 밀봉이 완벽하게 안되어있는건지냄새는 좋아요
519,로켓배송 제품을 3일만에 받았네요마트에서 사서 쓰려다 로켓배송이라 주문한건데그리고 제품포장도 에어캡도 아닌 비닐포장 하나가 전부네요다행히 제품은 깨지지 않았지만 이번 배송은 그닥 만족스럽지 못하네요
520,이게 뚜껑자체가 오픈형이라 배달시에 똑바로 세워서 와야 안 흐르는데 옆으로 뉘여도 흘러선 안되지만 이 부분은 기사님들께 판매자가 명시를 해야할 거 같아요 배송온 걸 바로 발견해서 다행히 많이 흐르진 않았어요
521,너무합니다너무합니다 당신들 너무합니다액체가 새어나와 박스가 다 젓고 난리요2개 구입했는데 2개 모두 새어나와 난리 였어요너무합니다후기글 보았는데 혹시 하고 주문했는데 역시나 모두 새어나와요
522,항상 쓰는제품 세서 온다는말이 있어 걱정했으나 역시나 ㅠㅠ 엄청 세거나 깨지거나 하진않았지만 그래도 세서 향이 폴폴 결국 뚜껑이랑 씻었네요ㅠㅠ 배송만 잘 신경써주시면 좋을듯합니다
523,그냥 달랑 투명비닐에 넣어 배송하면 당연히 문제가 생길거 아실텐데 그렇게 보내셨더라구요다행히 깨지진 않았는데 꽤 새서 왔어요 세제라 계속 미끈거리는 느낌이 나네요그거 이외엔 괜찮아요
524,아직 써보진못했지만 배송이나 제품상태는 매우 양호햇음
525,생각한것보다 냄새도 좋고 배송도 하루만에 왔습니다
526,배송 빠르고 살짝 흐르긴 했지만 안전하게 잘 왔어요
527,개터져서옴 왜터져서오는지모르겟는데개난리 하
528,상품은 항상같은제품사용하고있지만 제품도 배송도 너무허마고 어이업습니다 거지도아니고 어쩌면 이럴수있나 싶을정도로 ㅠㅠ 너무실망이네요
529,별하나도 아깝습니다상품은 사용해봐야 알겠지만 사용하기 앞서 배달관련 이야기를 하고싶네요내용물 반절은 비닐에 흘러 정말 화부터 나네요
530,세제가 터져서 왔어요 다른상품이랑같이 배송왔는데 불행인지 다행인지 라면이라서 다행인듯 하네요 세제가 많이 새지는 않았고 다행인거같네요
531,약간 새었네요 용량이 조금 줄어서 반품할까 하다가 이 무거운거 배송해주신 쿠팡맨 힘들까봐 그냥 씁니다 통 한번 씻어내고 사용합니다
532,분명 2개 샀는데 왜 1개만 왔나요?혹시나 하고 아무리 기다려도 오지않네요?나머지 빨리 보내주세요상당이 기분이 안좋으네요
533,쓰던제품인데 이번엔 터져서 와서 교환신청했네요이런제품은 배송시 각별히 신경써주세요제픔은 좋아서 추가구매한겁니다
534,배송을 눕혀서 해주는 바람에 세제 안에서 다흘림마개불량인지 아니면 이런걸 눕혀서 포장한 사람 잘못인지
535,세탁세재가 급하게 필요해서 주문했는데 뚜껑이 열려서 내용물이 흐름 ㅠㅠ 가격이 많이 싸지도 않고 포장도 엉망입니다
536,배송 빠르게 잘 받았어요 무려 반나절만에 받으니 감격했어요 제품도 사용해보니 좋고 앞으로도 자주 이용할듯
537,뽁뽁이도없이 박스에 눕혀져왔어요 세제가 새어나왔는데 그나마 깨진게아니라 걍 사용해요 포장 신경좀써주세요
538,상품 자체는 좋아요!냄새도 좋고 세정력도 괜찮고근데 배송 중에 던져서 그런지 뭔지많이 새서 왔더라구요 ㅠㅅㅠ
539,배송잘받았습니다포장 꼼꼼하게 뾱뾱이로 감싸져서 세지않게 깨끗하게 포장되어서배송됐습니다 감사해요 
540,배송이 빨라 너무좋았어요빨리오지 않으면 마트에사러 가야하나 걱정했는데품질은 항상쓰던거니까 좋아요
541,다 셌네요배송이왜이러는건지세고 상품평보니 이런글들이많아요교환신청합니다무료교환되는거죠???
542,품질은 좋아서 계속 쓰고 있어요배송되었는데 세서 와서 한컵은 엎질러진게 되서치우느라 혼났어요ㅠㅠ
543,평소에 좋아하던 거라 재주문했는데이번에 포장이 좀 부실해서 그런가새서 왔어요 별 하나 뺍니다
544,상품자체 품질은 정말 최고예요늘 쓰는거니까다만 매가가 밀봉안되 흐르게 배송온게 속상해요
545,처음 샀는데 조금 세어나온 상태로 배송이 왔네요 겉에 닦아내느라 좀 신경썼네요 터진건지 뭔지
546,이 무거운걸 품에 꼭 품고 소중하게 배송해주셨는데너무 감사해요늘 안전운전하시구 힘내세용
547,전날 오후 11시에 구매했는데 다음날 오후 3시에 도착하네요! 엄청 빨라요 ㅎㅎ 잘쓰겠습니다
548,상품평에 세제가 흘렀다고 봐서 주문할 때 망설였는데 포장 깔끔하고 온전하게 잘 받아서 좋네요
549,배송이 쓰레기네요 다 터져서 와서 포장뜯자마자 흘러나와서 마루바닥을 한참 닦았습니다 ㅡㅡ
550,세제야 뭐생필품으로 소모품이라 빨리오고 쓸수 있다면 되는거아니겠어요?ㅎ
551,제품이 다 흘러나와서 배송되서 좀놀랬네요 다음부터는 주의해서 보내주세요
552,총알배송 완전만족합니다배송료무료 이벤트해서 무료서비스로 하면 좋겠어요
553,역시 바른 배송에저렴한 가격에 좋은 제품을 구매했습니다감사감사
554,배달최고 포장도꼼꼼했어요 저번엔 쏟겨줘서왔는데이번엔 꼼꼼하게잘도착
555,새서왔어요 ㅜㅜ뚜껑확인 제대로해주세요 늦게발견했음
556,뚜껑쪽에서 세제가 흘러있구 안에 포장상태가 너무 허술합니다
557,드럼용 세제 입니다잘 쓰고 있습니다배송 빠르고 좋아요
558,세제액이 새는 상태로 배송교환하려다 물로 씻어서 사용중
559,품질은 좋지만 배송시 세제가 새서 고생했습니다
560,빠른 배송 좋습니다다만 포장 상태가 아쉽습니다
561,배송도 빠르고 제품도 이상없이 잘 배송해주셨습니다
562,배송중 살짝 파손같이온상품까지 씻느라 손다버림
563,새지않고 뽁뽁이로 튼튼하게 잘 포장되어왔습니다!
564,늘 사용하는 제품로켓배송 되는걸로 주문해요
565,감사합니다 처음 주문 햇느데 맘에 들어요 감사해요
566,포장도 튼튼하게 잘왔네요!내일 빨래를 부탁해
567,내용물이 훌러 나왓네요
568,배송도 빠르고 향도 좋아요
569,자주쓰는 세제라 별 의심없이 씁니다
570,빠름빠름 ㅎㅎㅎ
571,배송빨라요 최공
572,아니 터져서 왔는데 보상해주세요
573,상품 잘 받았습니다빠른 배송 굳굳
574,배송 빠르고 좋아요
575,배공 엄청빨라요 ㅎㅎ
576,퍼실은 처음 써봄 배송이빠름
577,샛어요
578,아직 사용은 안해봤지만 배송상태는 좋아요
579,배송빠르고 좋네요 잘쓰겠습니다
580,배송 빠르고 잘받았습니닿ㅎㅎ
581,ㅜㅜ 두개 시켰는데 1개만 왔내요
582,정기배송2년째
583,빠른배송 잘받았습니다
584,다흘렀네요하
585,빠른 배송 감사드립니다!
586,향도좋고 빠른배송 한방울도흐르지않고왓위요
587,상품포장과 배송 다 만족합니다
588,안터지고 잘도착
589,빠른배송
590,깨끗해요!
591,배송도 빠르고 좋습니당
592,빠른배송에 감사요
593,향기도 좋고 배송도 엄청빠릅니다!
594,빨리 와서 좋아요
595,배송도 빠르고 용량도 많고 좋아요
596,항상쓰던거 빠르게잘받았네요
597,너무많이 새서 줄줄흘러왔습니다ㅡㅜ
598,배송빠르고 좋네요
599,배송도 빠르고 상품도 기대 이상입니다
600,배송 빠름 향 강해서 좋음
601,빠른배송 감사합니다
602,터져서 왔어요
603,잘쓸께요 하루만에 배송되고 좋아요
604,로켓배송굿
605,좋아요 ㅎㅎ 쿠팡배송 진짜 최고입니다ㅠ
606,잘샀다생각했지만 배송이 쩝ㅡㅡ
607,배송빠르고좋아요
608,빠른배송감사합니더
609,배송도 빠르고 좋아요
610,다 새서 왔어요 ㅡㅡ
611,빠른배송 좋아요!!!
612,배송도 굿 제픔도 굿입니다
613,다 흘리고ㅡ묻고ㅜㅜ속상하네요
614,빠르고 좋아용 ㅋㅋ
615,빠른 배송 감사합니다 포장도 만족
616,좋아요 배송이 빨라요
617,언제나로켓배송은 최고입니다
618,새벽배송인데 오후4시넘어서 왔네요
619,감사
620,빠른배송 그치만 ㅜㅜ 세제가흘러샜어요
621,배송도 빠르고 상태 좋네요
622,저렴하고배송 빠르고끝
623,쓰던제품이라믿고구매했네요
624,싸고 배송 빠르고 좋음
625,세제가 세가지고 ㅠㅠㅠㅠ 질질질
