"타임스탬프","성별","연령대","향으로 자신의 정체성을 표현할 수 있다고 생각하시나요?","사람을 만날 때 자신의 향기를 중요하게 생각하시나요?","주로 어떤 상황에서 향기를 중요하다고 생각하시나요? ex) 소개팅, 면접...","아래에서 좋아하는 향 3가지를 선택해주세요.","향의 강도는 어느 정도가 좋다고 생각하시나요?","'빨래 냄새'하면 떠오르는 단어를 적어주세요"
"2019/08/23 7:19:39 오전 GMT","여","20대","예","예","평소에나를위해","체리블라썸;베이비파우더","3",""
"2019/08/23 7:22:16 오전 GMT","남","20대","예","아니요","대중교통탈때, 소개팅, 스킨쉽","시트러스;코튼향;바닐라","2",""
"2019/08/23 7:22:58 오전 GMT","여","20대","예","예","소개팅, 대중교통 탈때, 밥 먹을때","머스크;시트러스;코튼향","4",""
"2019/08/23 7:26:27 오전 GMT","여","20대","예","예","일상...?","코튼향;베이비파우더;바닐라","3",""
"2019/08/23 7:29:20 오전 GMT","여","20대","예","예","첫 만남","머스크;코튼향;체리블라썸","3",""
"2019/08/23 7:29:42 오전 GMT","남","20대","예","예","첫인상을 줄때","코튼향;체리블라썸;로즈향","4",""
"2019/08/23 7:29:47 오전 GMT","남","20대","","예","모든 상황스?","플로랄;시트러스;코튼향","3",""
"2019/08/23 8:15:41 오전 GMT","남","20대","아니요","예","일상","체리블라썸;로즈향;바닐라","3",""
"2019/08/23 8:28:01 오전 GMT","여","20대","예","예","데이트 or 처음 만나는 자리 ","플로랄;머스크;코튼향","3",""
"2019/08/23 8:29:04 오전 GMT","남","20대","예","예","첫만남, 스쳐갈때","머스크;체리블라썸","3",""
"2019/08/23 8:33:33 오전 GMT","여","20대","예","예","평소에","코튼향;체리블라썸","3",""
"2019/08/23 8:35:55 오전 GMT","여","20대","예","예","일상생활","코튼향","4",""
"2019/08/23 8:58:00 오전 GMT","여","20대","아니요","예","데이트","라벤더;로즈;체리블라썸","3","섬유제"
"2019/08/23 9:06:25 오전 GMT","여","20대","아니요","예","좋아하는 사람 만날때","머스크;플로럴;베이비파우더","3","샤프란"
"2019/08/23 9:06:47 오전 GMT","여","20대","예","예","어디든","베이비파우더;바닐라;체리블라썸","3","깨끗함"
"2019/08/23 9:06:55 오전 GMT","남","20대","예","예","사람들 만날 때","머스크;코튼향;체리블라썸","2","섬유유연제 냄새"
"2019/08/23 9:07:27 오전 GMT","여","20대","아니요","예","옆에 있는 사람","머스크;로즈;체리블라썸","1","피죤"
"2019/08/23 9:09:24 오전 GMT","남","20대","예","예","첫인상 볼 때 중요하다고 생각합니다","코튼향;라벤더;베이비파우더","3","피죤"
"2019/08/23 9:11:16 오전 GMT","남","20대","아니요","예","사람을 만날 때","자스민;라벤더;베이비파우더","2","라벤더"
"2019/08/23 9:17:35 오전 GMT","남","20대","예","예","평상시에","머스크;연꽃;코튼향","3","다우니"
"2019/08/23 9:17:36 오전 GMT","여","20대","예","예","평소에나를위해","체리블라썸","3","포근한향"
"2019/08/23 9:18:09 오전 GMT","여","20대","예","아니요","첫 만남","머스크;플로럴;체리블라썸","3","산뜻"
"2019/08/23 9:19:07 오전 GMT","남","20대","예","예","내가 숨쉬는 언제나","자스민;라벤더;베이비파우더","4","깔끔함"
"2019/08/23 9:19:23 오전 GMT","남","20대","예","예","소개팅","연꽃;자스민;체리블라썸","2","퀴퀴"
"2019/08/23 9:21:56 오전 GMT","여","20대","예","예","면접, 첫인상, 소개팅 ","머스크;코튼향;라벤더","4","다우니, 코튼"
"2019/08/23 9:22:49 오전 GMT","여","20대","예","예","첫인상","머스크;로즈;바닐라","3","코튼"
"2019/08/23 9:22:51 오전 GMT","여","20대","예","예","데이트","머스크;코튼향;바닐라","4","상쾌한 향긋한"
"2019/08/23 9:23:03 오전 GMT","여","20대","예","예","강의 옆자리","코튼향;베이비파우더;바닐라","2","비누향처럼 은은하고 포근한 냄새"
"2019/08/23 9:24:29 오전 GMT","여","20대","예","예","소개팅","연꽃;라벤더;체리블라썸","3","뽀송"
"2019/08/23 9:24:44 오전 GMT","여","20대","예","아니요","일대일로 처음보는 관계일때 ","연꽃;라벤더;체리블라썸","3","다우니"
"2019/08/23 9:24:59 오전 GMT","여","20대","예","예","이성을만날때","코튼향;로즈;베이비파우더","2","섬유유연제냄새 비누냠새"
"2019/08/23 9:25:37 오전 GMT","남","20대","예","예","일상 모든 면에서","자스민;라벤더;체리블라썸","4","다우니"
"2019/08/23 9:26:18 오전 GMT","여","20대","예","예","땀날 때,,","머스크;코튼향;베이비파우더","3","뽀송뽀송"
"2019/08/23 9:27:05 오전 GMT","여","20대","예","예","사적인 자리에서 지인과의 만남","머스크;코튼향;바닐라","5","풋풋한, 깨끗한, 섬유유연제향?"
"2019/08/23 9:27:50 오전 GMT","남","20대","예","예","소개팅 면접","코튼향;자스민","3","코튼향"
"2019/08/23 9:28:31 오전 GMT","여","20대","예","아니요","소개팅","자스민;체리블라썸","1","섬유유연제"
"2019/08/23 9:28:54 오전 GMT","여","20대","예","예","누군가를 만날 때면 언제나","플로럴;라벤더;베이비파우더","3","다우니"
"2019/08/23 9:28:59 오전 GMT","여","20대","예","예","누군가와 처음 만날 때","코튼향;플로럴;바닐라","3","깨끗한 냄새, 뽀송한 냄새, 상쾌한 냄새"
"2019/08/23 9:29:17 오전 GMT","남","20대","예","예","소개팅","코튼향;자스민;라벤더;체리블라썸","3","상쾌한냄새"
"2019/08/23 9:29:33 오전 GMT","남","20대","예","예","소개팅, 일상","연꽃;베이비파우더;바닐라","2","베이비파우더. 포근한 냄새"
"2019/08/23 9:29:41 오전 GMT","남","20대","아니요","아니요","면접","자스민;라벤더;체리블라썸","2","쉰내"
"2019/08/23 9:30:33 오전 GMT","여","20대","예","예","항상","머스크;코튼향;베이비파우더","4","섬유유연제 냄새"
"2019/08/23 9:30:35 오전 GMT","남","20대","예","예","면접","자스민;라벤더;바닐라","3","장미"
"2019/08/23 9:30:50 오전 GMT","남","20대","아니요","예","첫만남","코튼향;로즈;체리블라썸","3","비누"
"2019/08/23 9:31:49 오전 GMT","여","20대","예","예","사람들만날때 ","머스크;코튼향;플로럴;로즈","4","섬유유연제냄새"
"2019/08/23 9:32:30 오전 GMT","여","20대","예","예","첫만남","머스크;플로럴;로즈","4","비누향"
"2019/08/23 9:32:47 오전 GMT","여","20대","아니요","예","소개팅","베이비파우더","3","다우니"
"2019/08/23 9:34:06 오전 GMT","여","20대","예","예","데이트 , 처음 만나는 자리","머스크;코튼향;라벤더","3","다우니 "
"2019/08/23 9:34:14 오전 GMT","남","20대","예","예","여자를 유혹할 때","자스민;라벤더","4","고수냄새"
"2019/08/23 9:35:02 오전 GMT","여","20대","예","예","모든상황에서 향기는 중요하다고 생각된다","머스크;코튼향;플로럴","3","코튼, 다우니, 섬유유연제"
"2019/08/23 9:36:08 오전 GMT","남","20대","예","아니요","중요한 사람만날때","라벤더;로즈","2","섬유유연제"
"2019/08/23 9:36:31 오전 GMT","남","20대","아니요","아니요","잠","연꽃;라벤더;체리블라썸","1","다우니"
"2019/08/23 9:37:22 오전 GMT","남","20대","예","예","연인","자스민;라벤더;로즈","3","섬유유연제"
"2019/08/23 9:37:25 오전 GMT","남","20대","예","예","소개팅","머스크;코튼향;플로럴","4","깨끗"
"2019/08/23 9:38:47 오전 GMT","여","20대","예","예","소개팅 ","연꽃;코튼향;라벤더","2","깨끗함 포근함 깔끔함 "
"2019/08/23 9:39:26 오전 GMT","여","20대","아니요","예","누군가를 처음 만날때 ","머스크;플로럴;라벤더","3","깨끗한 비누향"
"2019/08/23 9:39:56 오전 GMT","여","20대","예","예","소개팅 ","머스크;플로럴;베이비파우더","4","다우니 "
"2019/08/23 9:41:49 오전 GMT","남","20대","예","예","첫인상을 강렬하게 남겨야하는 Formal한 상황","코튼향;베이비파우더;체리블라썸","4","포근함, 깔끔함"
"2019/08/23 9:43:08 오전 GMT","남","20대","아니요","예","공식적인자리","자스민;라벤더;베이비파우더","3","?"
"2019/08/23 9:44:17 오전 GMT","남","20대","예","예","인생","머스크;코튼향;로즈","3","세제 "
"2019/08/23 9:44:30 오전 GMT","남","20대","예","예","이성과의 만남","코튼향;라벤더;체리블라썸","3","라벤다"
"2019/08/23 9:44:41 오전 GMT","여","20대","예","예","일상생활에서 지나가는 은은한 향들을 좋아해서 거의 맨날 뿌립니다.......... 특별히 신경쓴다면 새로운 사람을 만나는 자리........?","머스크;로즈;베이비파우더","3","다우니"
"2019/08/23 9:44:58 오전 GMT","남","20대","아니요","예","소개팅","코튼향;라벤더;베이비파우더","2","편안함"
"2019/08/23 9:46:14 오전 GMT","여","20대","예","예","친구나 이성친구","머스크;플로럴;베이비파우더","3","비누향"
"2019/08/23 9:46:45 오전 GMT","남","20대","아니요","예","사람을 대하는 상황","코튼향;로즈;베이비파우더","3","샤프란"
"2019/08/23 9:48:10 오전 GMT","여","20대","예","아니요","소개팅","연꽃;코튼향;플로럴","3","코튼향"
"2019/08/23 9:49:44 오전 GMT","여","20대","예","예","첫인상","연꽃;코튼향;로즈","3","포근함"
"2019/08/23 9:49:52 오전 GMT","여","20대","아니요","예","사람을 만날 때마다 상대방이 불쾌하지 않을만한 향기를 중요하게 생각함","베이비파우더","2","다우니"
"2019/08/23 9:50:05 오전 GMT","남","20대","예","예","집 밖을 나가서 겪는 모든 순간","머스크;플로럴;라벤더","2","다우니"
"2019/08/23 9:50:29 오전 GMT","남","20대","예","아니요","모든 상황에서","라벤더;베이비파우더;바닐라","2","피죤"
"2019/08/23 9:51:04 오전 GMT","남","20대","예","예","중요한 자리","머스크;자스민;라벤더","3","섬유유연제"
"2019/08/23 9:51:40 오전 GMT","남","20대","예","예","대화상황","머스크;코튼향;자스민","3","상쾌함"
"2019/08/23 9:52:22 오전 GMT","남","20대","예","예","사람을 만나는 자리면 뭐든","베이비파우더;체리블라썸","3","피존 다우니향"
"2019/08/23 9:53:40 오전 GMT","남","20대","예","예","소개팅","머스크;자스민;라벤더","3","다우닝"
"2019/08/23 9:54:08 오전 GMT","여","20대","예","아니요","내 기분이 울적할 때","플로럴","2","섬유유연제 향, 혹은 수건이 빠싹 말라서 면 자체의 향이 나는 것"
"2019/08/23 9:54:56 오전 GMT","여","20대","예","예","첫인상","코튼향;플로럴;베이비파우더;체리블라썸","4","다우니"
"2019/08/23 9:55:22 오전 GMT","남","30대","아니요","아니요","소개팅","플로럴;로즈;베이비파우더","2","샤프란"
"2019/08/23 9:55:42 오전 GMT","남","30대","예","예","평소 일상생활 전반","코튼향;베이비파우더;체리블라썸","2","뽀송뽀송"
"2019/08/23 9:56:53 오전 GMT","남","20대","예","예","여자만날때","라벤더;로즈;체리블라썸","3","프레쉬"
"2019/08/23 9:57:46 오전 GMT","남","30대","예","예","이성을 만날 때, 중요한 자리에 나갈 때","라벤더;로즈;체리블라썸","4","섬유유연제"
"2019/08/23 9:59:43 오전 GMT","여","20대","예","아니요","기분전환이 필요할때","플로럴;베이비파우더;체리블라썸","4","세제 냄새 "
"2019/08/23 10:01:01 오전 GMT","남","20대","예","예","사람을많이보는자리...식이나 행사..","자스민;라벤더;로즈","2","빨랫비누냄새"
"2019/08/23 10:01:44 오전 GMT","여","20대","예","예","담배 피우고 집 들어 갈 때(부모님이 피우는 것 모름)","코튼향","4","앗, 저 집 섬유 유연제 냄새 좋잖아?"
"2019/08/23 10:03:50 오전 GMT","남","30대","아니요","아니요","땀흘리고 나서 새로운 사람을 만날때. 식당에서 신발 벗어야될 때.","라벤더","3","쉐리"
"2019/08/23 10:04:21 오전 GMT","여","20대","예","예","타인을 만나는 일상 순간 모두","머스크;코튼향;플로럴","3","클린 웜코튼"
"2019/08/23 10:04:27 오전 GMT","여","20대","예","아니요","소개팅","코튼향","2","다우니"
"2019/08/23 10:04:35 오전 GMT","남","20대","예","예","침대위","체리블라썸","3","섬유유연제"
"2019/08/23 10:05:50 오전 GMT","여","20대","예","아니요","지하철이나 독서실 등 밀폐된 공간","코튼향;플로럴;자스민","3","빳빳한"
"2019/08/23 10:06:26 오전 GMT","여","20대","예","예","근무","코튼향;플로럴;체리블라썸","3","섬유유연제"
"2019/08/23 10:07:11 오전 GMT","여","20대","아니요","예","데이트","머스크;베이비파우더","2","샤프란"
"2019/08/23 10:07:41 오전 GMT","여","20대","예","예","처음 만났을 때","코튼향;베이비파우더;바닐라","1","엄마"
"2019/08/23 10:07:45 오전 GMT","여","20대","예","예","일상생활","머스크;자스민;로즈","5","딱딱하게 마른 천 냄새"
"2019/08/23 10:07:47 오전 GMT","남","20대","아니요","예","첫만남","머스크;자스민;베이비파우더","3","섬유유연제 냄새"
"2019/08/23 10:08:19 오전 GMT","남","20대","예","예","항상","자스민;라벤더;체리블라썸","3","섬유유연제냄새"
"2019/08/23 10:08:55 오전 GMT","남","20대","예","아니요","첫만남?","코튼향;라벤더;체리블라썸","2","은은한냄새"
"2019/08/23 10:09:32 오전 GMT","남","20대","예","예","사람을 만날 때","머스크;라벤더;베이비파우더","3","다우니"
"2019/08/23 10:10:36 오전 GMT","남","20대","예","예","첫인상이 중요할때","머스크;코튼향;자스민","3","섬유 향기"
"2019/08/23 10:10:52 오전 GMT","여","20대","예","예","매일","머스크;연꽃;코튼향","3","런더리"
"2019/08/23 10:12:10 오전 GMT","남","20대","예","예","첫만남 스침","머스크;코튼향;체리블라썸","3","다우닝"
"2019/08/23 10:12:14 오전 GMT","남","20대","예","예","누군가와의 첫 만남","머스크;코튼향;플로럴","3","피죤"
"2019/08/23 10:12:42 오전 GMT","남","30대","예","예","평소","머스크","3","샤프란"
"2019/08/23 10:13:31 오전 GMT","여","20대","예","예","모든 상황","코튼향;라벤더;체리블라썸","3","다우니"
"2019/08/23 10:13:49 오전 GMT","남","20대","예","예","첫만남","연꽃;자스민;바닐라","4","무취"
"2019/08/23 10:14:12 오전 GMT","남","20대","예","예","평상시","머스크;코튼향;라벤더","4","비누향"
"2019/08/23 10:17:44 오전 GMT","여","20대","아니요","아니요","악취만 안나면 전혀 중요하지 않음","플로럴;라벤더;베이비파우더","2","다우니"
"2019/08/23 10:18:07 오전 GMT","남","20대","예","예","소개팅","베이비파우더","3","다우니"
"2019/08/23 10:19:23 오전 GMT","여","20대","예","예","좋아하는 사람을 만날 때!","로즈;베이비파우더;바닐라;체리블라썸","4","섬유유연제 향"
"2019/08/23 10:21:46 오전 GMT","남","30대","예","예","첫만남","코튼향;베이비파우더;바닐라","2","클린코튼"
"2019/08/23 10:22:44 오전 GMT","남","20대","아니요","아니요","일상","연꽃;자스민;라벤더","2","쉰내"
"2019/08/23 10:22:51 오전 GMT","여","20대","예","예","미팅","코튼향;라벤더;베이비파우더","3","클린코튼"
"2019/08/23 10:23:10 오전 GMT","여","20대","아니요","아니요","첫인상","코튼향;플로럴;체리블라썸","1","집 냄새"
"2019/08/23 10:23:47 오전 GMT","여","20대","예","예","처음 본 사람과의 자리에서","머스크;플로럴;라벤더","3","뽀송뽀송"
"2019/08/23 10:24:18 오전 GMT","남","20대","예","예","샤","머스크;코튼향;라벤더","2","샤"
"2019/08/23 10:24:22 오전 GMT","남","20대","예","아니요","소개팅","머스크;코튼향;베이비파우더","2","코튼 파우더"
"2019/08/23 10:25:08 오전 GMT","여","20대","예","예","데이트","코튼향;자스민;로즈","2","코튼"
"2019/08/23 10:25:13 오전 GMT","남","20대","예","아니요","첫만남 첫인상","머스크;코튼향;체리블라썸","3","섬유유연제"
"2019/08/23 10:25:25 오전 GMT","여","20대","예","예","데일리! 평소!","머스크;연꽃;플로럴;라벤더;로즈;바닐라;체리블라썸","3","다우니! 상쾌하면서 보송"
"2019/08/23 10:25:48 오전 GMT","남","20대","예","예","옷을 예쁘게 입을 때","라벤더;바닐라;체리블라썸","4","뽀송뽀송, 섬유유연제 냄새"
"2019/08/23 10:27:28 오전 GMT","남","20대","아니요","예","일상","베이비파우더;바닐라;체리블라썸","3","쉰내"
"2019/08/23 10:27:33 오전 GMT","여","20대","예","예","사람을 만나는 모든 순간에 중요하다고 생각합니다. 스쳐지나갈때 좋은향이나면 '오 향기좋다!'하고 생각하게되거든요. 사람을 다시금 보게하는 하나의 요소라 생각되기도해서 늘 중요하게 생각해요. ","연꽃;라벤더","2","은은함, 포근함, 깔끔함"
"2019/08/23 10:27:36 오전 GMT","남","20대","예","예","첫만남","코튼향;라벤더;체리블라썸","3","다우니"
"2019/08/23 10:28:50 오전 GMT","여","20대","아니요","예","평상시","코튼향;베이비파우더;체리블라썸","2","피죤"
"2019/08/23 10:29:33 오전 GMT","여","20대","예","","면접, 중요한 사람을 만날 때","머스크;코튼향;자스민","2","건조하면서 개운한 향 "
"2019/08/23 10:29:58 오전 GMT","남","20대","아니요","예","평소","머스크;연꽃;코튼향;플로럴;자스민;라벤더;로즈;베이비파우더;바닐라;체리블라썸","3","세탁기냄새"
"2019/08/23 10:32:11 오전 GMT","여","20대","예","예","약속있을 때 ","머스크;코튼향;베이비파우더","3","뽀송한 냄새"
"2019/08/23 10:32:22 오전 GMT","여","20대","예","예","소개팅","라벤더;로즈;베이비파우더","3","다우니"
"2019/08/23 10:35:43 오전 GMT","여","20대","예","아니요","소개팅","머스크;플로럴;체리블라썸","3","포근함, 강하지않고 은은하게 나는 향기 "
"2019/08/23 10:35:47 오전 GMT","여","20대","예","예","소개팅","라벤더;베이비파우더;체리블라썸","3","산뜻함"
"2019/08/23 10:36:45 오전 GMT","여","20대","아니요","아니요","향을 신경쓰는 사람과의 자리","머스크;코튼향;라벤더","2","피죤"
"2019/08/23 10:38:25 오전 GMT","여","20대","예","예","일상","코튼향;플로럴;라벤더","3","섬유유연제"
"2019/08/23 10:39:52 오전 GMT","여","20대","예","예","면접","코튼향;베이비파우더;바닐라","3","보송함"
"2019/08/23 10:41:39 오전 GMT","남","20대","예","예","사람 만날 때","코튼향","4","라벤더"
"2019/08/23 10:45:53 오전 GMT","남","20대","예","예","항상","머스크;자스민;체리블라썸","3","다우니"
"2019/08/23 10:46:33 오전 GMT","남","20대","아니요","예","소개팅","자스민;로즈;체리블라썸","2","다우니"
"2019/08/23 10:47:09 오전 GMT","남","20대","예","예","여자꼬실때","머스크;코튼향;베이비파우더","4","향긋^^찡긋^^"
"2019/08/23 10:49:48 오전 GMT","남","20대","아니요","예","가까이서 같이 무언가를 할 때","라벤더;로즈;베이비파우더","2","섬유유연제"
"2019/08/23 10:49:58 오전 GMT","남","20대","아니요","아니요","데이트","바닐라","3","섬유유연제"
"2019/08/23 10:50:52 오전 GMT","남","20대","아니요","예","대인관계","자스민;라벤더;베이비파우더","3","다우니라고 봐"
"2019/08/23 10:51:17 오전 GMT","여","20대","예","예","첫만남","머스크;코튼향;베이비파우더","4","상쾌하고 깨끗하다. 엄마가 해준 빨래가 생각난다"
"2019/08/23 10:51:21 오전 GMT","여","20대","예","예","일상생활","머스크;코튼향;바닐라","4","클린코튼"
"2019/08/23 10:51:58 오전 GMT","여","20대","예","예","약속 나갈 때","코튼향;플로럴;베이비파우더","3","코튼향"
"2019/08/23 10:52:01 오전 GMT","남","20대","예","예","섹스","라벤더;베이비파우더;바닐라","3","다우니"
"2019/08/23 10:52:31 오전 GMT","여","20대","예","예","중요한 미팅","머스크;코튼향;체리블라썸","3","비누향"
"2019/08/23 10:58:31 오전 GMT","여","20대","예","예","소개팅, 새로운 사람, 일상생활","코튼향;자스민;베이비파우더","3","퀘퀘"
"2019/08/23 11:01:56 오전 GMT","남","20대","예","예","데이트","머스크;코튼향;베이비파우더","4","상쾌한 냄새"
"2019/08/23 11:05:00 오전 GMT","남","20대","아니요","아니요","데이트","머스크;코튼향;베이비파우더","2","섬유유연제"
"2019/08/23 11:13:09 오전 GMT","남","20대","아니요","예","붙어잇을때","코튼향;플로럴;체리블라썸","3","다우니"
"2019/08/23 11:13:46 오전 GMT","남","20대","예","예","길거리","머스크;코튼향;자스민","4","피죤"
"2019/08/23 11:14:39 오전 GMT","여","20대","예","예","지인 만남","머스크;자스민;라벤더","3","코튼"
"2019/08/23 11:14:39 오전 GMT","여","20대","아니요","아니요","연애","로즈;바닐라;체리블라썸","2","비누냄새"
"2019/08/23 11:17:12 오전 GMT","남","20대","예","예","면접,사람과의 만남","코튼향;라벤더;베이비파우더","2","미모사향"
"2019/08/23 11:18:46 오전 GMT","남","20대","아니요","아니요","다른 사람들과의 첫 만남","자스민;라벤더;바닐라","3","다우니"
"2019/08/23 11:24:25 오전 GMT","여","20대","예","예","일 끝나고, 여름에","머스크;자스민;라벤더","4","다우니"
"2019/08/23 11:25:00 오전 GMT","여","20대","예","예","어떤 상황이든간에 첫만남","머스크;코튼향;라벤더","4","뽀송하고 건조한 냄새"
"2019/08/23 11:28:20 오전 GMT","남","20대","아니요","예","내 옆에 앉는사람","코튼향;라벤더;베이비파우더","3","샤프란"
"2019/08/23 11:28:25 오전 GMT","남","20대","예","예","기분내킬때","플로럴;베이비파우더;바닐라","2","빨래 쩐내"
"2019/08/23 11:34:16 오전 GMT","남","20대","예","예","항상","라벤더;베이비파우더","4","섬유유연제"
"2019/08/23 11:37:15 오전 GMT","여","20대","예","예","첫만남 ","플로럴;로즈","3","깨끗한 냄시"
"2019/08/23 11:42:57 오전 GMT","여","20대","예","예","소수의 모임 ","연꽃;플로럴;라벤더","3","흰수건"
"2019/08/23 11:46:32 오전 GMT","여","20대","예","예","첫만남! ","베이비파우더;바닐라","3","다우니!"
"2019/08/23 11:47:33 오전 GMT","여","20대","예","예","첫만남","머스크;코튼향;플로럴;베이비파우더","3","뽀송"
"2019/08/23 11:48:04 오전 GMT","여","20대","예","예","친목모임","플로럴;자스민;라벤더","3","코튼향"
"2019/08/23 11:50:59 오전 GMT","여","20대","예","아니요","소개팅","머스크;코튼향;플로럴","2","코튼"
"2019/08/23 11:56:15 오전 GMT","여","20대","예","아니요","사람 만날 때","코튼향;베이비파우더;체리블라썸","2","섬유유연제 냄새"
"2019/08/23 12:14:09 오후 GMT","여","20대","예","예","그냥 평소에 저한테서 좋은 향이 나는걸 좋아합니다 ","머스크;라벤더;로즈","3","다우니 포근한 향"
"2019/08/23 12:23:19 오후 GMT","남","20대","아니요","아니요","나를 드러내야 되는 경우","머스크;플로럴","2","다우니"
"2019/08/23 12:23:27 오후 GMT","남","20대","아니요","아니요","소개팅","자스민;라벤더;로즈","2","섬유유연제 "
"2019/08/23 12:33:08 오후 GMT","여","20대","예","예","소개팅","코튼향;라벤더;체리블라썸","2","코튼"
"2019/08/23 12:47:11 오후 GMT","여","20대","예","예","약속","머스크;로즈;베이비파우더","3","꽃향"
"2019/08/23 1:15:05 오후 GMT","여","20대","예","예","면접/소개팅","플로럴;로즈;체리블라썸","4","다우니"
"2019/08/23 1:26:08 오후 GMT","남","20대","예","예","가까이 있을때","머스크;코튼향;바닐라","3","클린레인"
"2019/08/23 2:02:17 오후 GMT","남","20대","예","예","만남","머스크;코튼향;라벤더","2","세제"
"2019/08/23 2:07:26 오후 GMT","남","20대","예","예","언제나","머스크;코튼향;플로럴","3","코튼향"
"2019/08/23 2:10:25 오후 GMT","남","20대","예","예","그냥 사람을 만날때는 다 중요하다고생각함","라벤더","4","찌릿함"
"2019/08/23 2:11:37 오후 GMT","여","20대","예","예","그냥 일상생활에서 얘기할때..","코튼향;플로럴;라벤더","3","섬유유연제"
"2019/08/23 3:09:23 오후 GMT","남","20대","아니요","예","이성 간의 만남","코튼향","3","쉰 내"
"2019/08/23 3:38:29 오후 GMT","남","20대","예","예","처음 만나서 첫인상을 결정 지을 때","코튼향;자스민;라벤더","4","피죤"
"2019/08/23 5:37:49 오후 GMT","여","20대","아니요","아니요","지하철 안에 사람 많을 때!","머스크;라벤더;베이비파우더","3","베이비 코튼❣️"
"2019/08/23 5:54:45 오후 GMT","여","20대","예","예","소개팅","머스크","4","섬유유연제 냄새"
"2019/08/23 6:26:34 오후 GMT","여","20대","아니요","예","첫인상","머스크;플로럴;로즈","3","섬유유연제 냄새, 약간 꿉꿉함"
"2019/08/23 10:20:27 오후 GMT","남","20대","예","예","항상","머스크;코튼향;베이비파우더","4","섬유유연제"
"2019/08/23 10:40:36 오후 GMT","남","30대","예","예","사람과의 만남","플로럴","3","걸레"
"2019/08/23 11:43:36 오후 GMT","여","20대","예","예","이성과 만날 때(남자친구, 호감가는 사람, 소개팅)","머스크;플로럴;베이비파우더","3","다우니"
"2019/08/24 12:38:20 오전 GMT","여","20대","예","아니요","면접 ","코튼향;로즈","2","비누"
"2019/08/24 12:54:53 오전 GMT","여","20대","예","예","좀 꾸미는 날","코튼향;플로럴;체리블라썸","2","물+비누"
"2019/08/24 1:56:54 오전 GMT","여","20대","아니요","예","사람을 만나는 모든 상황","머스크;연꽃;로즈","4","상쾌"
"2019/08/24 2:07:28 오전 GMT","여","20대","예","예","일상","머스크;플로럴;체리블라썸","3","코튼"
"2019/08/24 2:18:14 오전 GMT","여","20대","예","예","사람을 처음 만나는 자리","머스크;코튼향;베이비파우더","3","세제 냄새"
"2019/08/24 2:41:15 오전 GMT","여","20대","예","아니요","면접","머스크;코튼향;베이비파우더","1","햇빛냄새"
"2019/08/24 3:05:59 오전 GMT","여","20대","예","예","외출","머스크;코튼향;플로럴;체리블라썸","4","뽀송한"
"2019/08/24 3:13:17 오전 GMT","여","20대","예","예","사람을 처음 만날 때","연꽃;라벤더;바닐라","2","깔끔"
"2019/08/24 3:53:46 오전 GMT","여","20대","예","예","일상생활","연꽃;플로럴;라벤더","3","다우니"
"2019/08/24 6:03:32 오전 GMT","남","20대","예","예","이성과의 만남","머스크;라벤더","2","다우니"
"2019/08/24 6:03:36 오전 GMT","남","20대","예","예","소개팅, 공적인 자리","코튼향;라벤더;로즈;바닐라","3","라벤더, 피죤향"
"2019/08/24 6:04:42 오전 GMT","남","20대","예","예","새로운 사람을 만나는 자리는 필수라 생각됨","코튼향;바닐라;체리블라썸","3","체리블라썸"
"2019/08/24 6:05:23 오전 GMT","남","20대","예","예","어느상황이든  사람을 처음 만날 때","코튼향;체리블라썸","3","포근한 향"
"2019/08/24 6:07:59 오전 GMT","남","20대","예","예","일상 대인관계 에서 중요하다고 본다","코튼향;라벤더;로즈","2","섬유유연제 향"
"2019/08/24 6:08:12 오전 GMT","남","20대","예","예","일상생활 전부다","머스크;자스민;라벤더","4","퍼실 "
"2019/08/24 6:10:29 오전 GMT","여","20대","예","예","본인의 인상을 확실히 남기고 싶은 경우","머스크;코튼향;라벤더","4","포근하지만 시원한 향(그 중간)"
"2019/08/24 6:14:25 오전 GMT","남","20대","아니요","예","무슨 상황이든 첫만남","자스민;라벤더;베이비파우더","3","물냄새"
"2019/08/24 6:17:46 오전 GMT","여","20대","예","예","알바할때요!(대면알바 시)","머스크;플로럴;로즈","2","코튼향"
"2019/08/24 6:18:03 오전 GMT","여","20대","예","예","동성친구를 오랜만에 만날 때","라벤더;베이비파우더;바닐라","2","비누 탄 물냄새? "
"2019/08/24 6:19:18 오전 GMT","여","20대","예","예","오랜만에 친구 만날 때","베이비파우더;바닐라","2","비누에 물 탄 냄새?"
"2019/08/24 6:21:56 오전 GMT","남","20대","예","예","소개팅","머스크","4","비뇌"
"2019/08/24 6:25:59 오전 GMT","남","20대","아니요","예","첫인상","머스크;코튼향;베이비파우더","2","샤프란"
"2019/08/24 6:26:37 오전 GMT","남","50대이상","아니요","아니요","소개팅","플로럴;자스민;라벤더","3","피존"
"2019/08/24 6:27:39 오전 GMT","여","20대","예","예","사람을 처음 만나는 자리","코튼향;라벤더;로즈","2","엄마"
"2019/08/24 6:27:56 오전 GMT","여","20대","예","예","모든 상황","코튼향;라벤더;체리블라썸","3","다우니 "
"2019/08/24 6:31:37 오전 GMT","남","20대","예","예","이성을 만날때","코튼향;라벤더;베이비파우더","4","다우니"
"2019/08/24 6:31:38 오전 GMT","남","20대","예","예","사무실 근무","머스크;코튼향;라벤더","4","섬유유연제"
"2019/08/24 6:31:50 오전 GMT","남","20대","예","예","데이트","코튼향","3","다우니"
"2019/08/24 6:32:35 오전 GMT","여","20대","예","예","이성 동성 상관없이 평상시에도 좋은 향 나는 사람이면 호감도가 높아져요~~","코튼향;플로럴;자스민","3","섬유유연제, 뽀송뽀송"
"2019/08/24 6:32:42 오전 GMT","여","40대","예","예","첫만남","머스크;연꽃;코튼향","3","퍼실"
"2019/08/24 6:33:58 오전 GMT","여","20대","예","예","면접","머스크;연꽃;코튼향","3","포근"
"2019/08/24 6:35:58 오전 GMT","남","20대","예","예","남을 처음 만날때","플로럴;라벤더;체리블라썸","2","향기로운 냄새"
"2019/08/24 6:48:50 오전 GMT","남","20대","예","예","타인과 처음 만났을 때","머스크;코튼향;베이비파우더","2","옥시*린 냄새...."
"2019/08/24 6:51:15 오전 GMT","여","20대","아니요","예","일상","코튼향;자스민;베이비파우더","2","다우니향"
"2019/08/24 6:51:53 오전 GMT","남","20대","아니요","아니요","소개팅","코튼향;라벤더","3","향기"
"2019/08/24 7:00:54 오전 GMT","여","20대","예","예","일상","머스크;코튼향","3","코튼향,섬유유연제 향"
"2019/08/24 7:07:45 오전 GMT","남","20대","예","예","소캐팅","자스민;라벤더;체리블라썸","3","은은한 향/꼬랑내"
"2019/08/24 7:11:12 오전 GMT","여","20대","예","예","외출할 때 항상","연꽃;코튼향;베이비파우더","3","도브 비누향"
"2019/08/24 7:13:00 오전 GMT","남","20대","아니요","예","어디에서나","체리블라썸","2","빨래는 피존~~"